delivery_status,orders,avg_review
Late,2770,2.988243938280676
On Time,89936,4.29090034994354
Super Late,3764,1.7406395189942607
Unknown,8,4.5
